Group,Category,Activity Code,Activity Name,When,Third_Party,Activity Name (Arabic),Notes
479,Wholesale and Retail,4791,Retail sale via mail order houses or via Internet,N/A,N/A,البيع بالتجزئة عن طريق بيوت تنفيذ طلبات الشراء أو عن طريق الإنترنت,
479,Wholesale and Retail,4791.01,Retail sale of any kind of product by mail order,N/A,N/A,بيع أي نوع من أنواع المنتجات بالتجزئة عن طريق البريد,
479,Wholesale and Retail,4791.02,Retail sale of any kind of product over the internet,N/A,N/A,بيع أي نوع من أنواع المنتجات بالتجزئة عن طريق الانترنت,
479,Wholesale and Retail,4791.03,Direct sale via television and radio,N/A,N/A,البيع المباشر عن طريق التليفزيون والإذاعة,
479,Wholesale and Retail,4791.04,Internet retail auctions,N/A,N/A,مزادات البيع بالتجزئة على الإنترنت,
479,Wholesale and Retail,4799,"Other retail sale not in stores, stalls or markets",N/A,N/A,أنواع البيع بالتجزئة الأخرى خارج المتاجر والأكشاك والأسواق,
479,Wholesale and Retail,4799.01,Retail sale of any kind of product:<br> \u2022 By direct sales or door-to-door sales persons<br> \u2022 Through vending machines etc.,N/A,N/A,"بيع أي نوع من المنتجات بالتجزئة: 
\u2022 بالبيع المباشر أو عن طريق البائعين الجوالين
\u2022 من خلال ماكينات البيع وما إليها",
479,Wholesale and Retail,4799.02,"Direct selling of fuel (heating oil, fire wood etc.), delivered directly to the customers premises",N/A,N/A,البيع المباشر للوقود (زيت التدفئة وخشب الوقود وما إليهما) ، وتوصيله مباشرة إلى أماكن الزبائن,
479,Wholesale and Retail,4799.03,Activities of non-store auctions (retail),N/A,N/A,أنشطة المزادات في غير المتاجر (بالتجزئة),
479,Wholesale and Retail,4799.04,Retail sale by (non-store) commission agents,N/A,N/A,البيع بالتجزئة عن طريق عملاء بالعمولة (في غير المتاجر),
522,Service and Consultancy,5224,Cargo handling,N/A,N/A,مناولة البضائع,
522,Service and Consultancy,5224.01,Loading and unloading of goods or passengers\u2019 luggage irrespective of the mode of transport used for transportation,N/A,N/A,شحن وتفريغ البضائع أو حقائب الركاب بغض النظر عن طريقة النقل المستعملة,
522,Service and Consultancy,5224.02,Stevedoring,N/A,N/A,شحن السفن أو تفريغها,
522,Service and Consultancy,5224.03,Loading and unloading of freight railway cars,N/A,N/A,تحميل وتفريغ عربات البضائع على السكك الحديدية,
522,Service and Consultancy,5229,Other transportation support activities,N/A,N/A,أنشطة دعم النقل الأخرى,
522,Service and Consultancy,5229.01,Forwarding of freight,N/A,N/A,إرسال البضائع,
522,Service and Consultancy,5229.02,"Arranging or organizing of transport operations by rail, road, sea or air",N/A,N/A,ترتيب أو تنظيم عمليات النقل بالسكك الحديدية والنقل البري والبحري والجوي,
522,Service and Consultancy,5229.03,Organization of group and individual consignments (including pickup and delivery of goods and grouping of consignments),N/A,N/A,تنظيم الشحنات الجماعية والفردية (بما في ذلك تسلم البضائع وتوصيلها و تجميع الشحنات),
522,Service and Consultancy,5229.04,"Logistics activities, i.e. planning, designing and supporting operations of transportation, warehousing and distribution",N/A,N/A,الأنشطة اللوجستية، أي عمليات التخطيط والتصميم والعمليات الداعمة للنقل والتخزين والتوزيع,
522,Service and Consultancy,5229.05,Issue and procurement of transport documents and waybills,N/A,N/A,إصدار مستندات الشحن وبوالص الشحن وإعدادها,
522,Service and Consultancy,5229.06,Activities of customs agents,PRE,Sharjah Ports and Customs,أنشطة الوكلاء الجمركيين,
522,Service and Consultancy,5229.07,Activities of sea-freight forwarders and air-cargo agents,PRE,Department Of Civil Aviation &amp; Sharjah Airport Authority / Sharjah Ports and Customs,أنشطة وكلاء إرسال البضائع بالبحر والجو,
522,Service and Consultancy,5229.09,"Goods-handling operations, e.g. temporary crating for the sole purpose of protecting the goods during transit, uncrating, sampling, weighing of goods",N/A,N/A,عمليات مناولة البضائع، مثل التعبئة المؤقتة في صناديق لغرض حماية البضاعة أثناء النقل، وتفريغ البضاعة من الصناديق وفرزها ووزنها,
532,Service and Consultancy,5320,Courier activities,PRE,Emirates Post Sharjah Central Post Office,أنشطة شركات نقل البريد الخاصة,
532,Service and Consultancy,5320.01,"Pickup, sorting, transport and delivery (domestic or international) of letter-post and (mail-type) parcels and packages by firms not operating under a universal service obligation. one or more modes of transport may be involved and the activity may be carried out with either self-owned (private) transport or via public transport.",PRE,Emirates Post Sharjah Central Post Office,تسلم وفرز ونقل وتوصيل الرسائل البريدية والطرود البريدية والُرزم (محليا ودوليا) من قِبل شركات تعمل وفق التزام الخدمة البريدية العامة الشاملة. ويمكن أن تستخدم وسيلة نقل أو أكثر هذا النشاط كما يمكن القيام به باستخدام وسائل النقل الخاصة أو العامة,
532,Service and Consultancy,5320.02,Distribution and delivery of mail and parcels,PRE,Emirates Post Sharjah Central Post Office,توزيع وتوصيل الرسائل البريدية والطرود,
532,Service and Consultancy,5320.03,Home delivery services,PRE,Emirates Post Sharjah Central Post Office,خدمات التوصيل للمنازل,
561,Service and Consultancy,5610,Restaurants and mobile food service activities,POST,Sharjah City Municipality - Public Health Department,أنشطة المطاعم وخدمات الأطعمة المتنقلة,
561,Service and Consultancy,5610.01,Restaurants,POST,Sharjah City Municipality - Public Health Department,المطاعم,
561,Service and Consultancy,5610.02,Cafeterias,POST,Sharjah City Municipality - Public Health Department,الكافيتريات,
561,Service and Consultancy,5610.03,Fast-food restaurants,POST,Sharjah City Municipality - Public Health Department,مطاعم الوجبات السريعة,
561,Service and Consultancy,5610.04,Pizza delivery,N/A,N/A,توصيل البيتزا,
561,Service and Consultancy,5610.05,Take-out eating places,N/A,N/A,أماكن تقدم الوجبات التي تحمل إلى خارج المحل,
561,Service and Consultancy,5610.06,Ice cream truck vendors,N/A,N/A,عربات بيع الآيس كريم,
561,Service and Consultancy,5610.07,Mobile food carts,POST,Food Control Section - Sharjah Municibality,عربات بيع الأطعمة المتنقلة,
561,Service and Consultancy,5610.08,Food preparation in market stalls,POST,Sharjah City Municipality - Public Health Department,تحضير الوجبات في الأكشاك و الأسواق,
562,Service and Consultancy,5621,Event catering,POST,Sharjah City Municipality - Public Health Department,تقديم وجبات الطعام في المناسبات,
562,Service and Consultancy,5621.01,Event catering,POST,Sharjah City Municipality - Public Health Department,تقديم الوجبات في المناسبات,
562,Service and Consultancy,5629,Other food service activities,POST,Food Control Section - Sharjah Municibality,أنشطة خدمات الطعام الأخرى,
562,Service and Consultancy,5629.01,Activities of food service contractors (e.g. for transportation companies),N/A,N/A,أنشطة المتعهدين الذين يقدمون خدمات الطعام (مثلا لشركات النقل),
562,Service and Consultancy,5629.02,Operation of food concessions at sports and similar facilities,N/A,N/A,تشغيل خدمات تقديم الطعام في المرافق الرياضية وما شابهها على أساس امتياز محدد,
562,Service and Consultancy,5629.03,"Operation of canteens or cafeterias (e.g. for factories, offices, hospitals or schools) on a concession basis",POST,Sharjah City Municipality - Public Health Department,تشغيل المقاصف والكافيتريات (مثلا المصانع والمكاتب والمستشفيات والمدارس) على أساس امتياز محدد,
581,Media,5811,Book publishing,POST,UAE Media Council,نشر الكُتب,
581,Media,5811.01,"Publishing of books, brochures, leaflets and similar publications, including publishing of dictionaries and encyclopedias",POST,UAE Media Council,نشر الُكتب والكتيبات والنشرات وغيرها من المطبوعات بما في ذلك نشر القواميس ودوائر المعارف,
581,Media,5811.02,"Publishing of atlases, maps and charts",POST,UAE Media Council,نشر الأطالس والخرائط واللوحات,
581,Media,5811.03,Publishing of audio books,POST,UAE Media Council,نشر الُكتب الصوتية,
581,Media,5811.04,Publishing of encyclopedias etc. on CD-ROM,POST,UAE Media Council,نشر دوائر المعارف وما إليها على أقراص حاسوبية مدمجة,
581,Media,5811.11,E-books publishing,POST,UAE Media Council,نشر الكتب الإلكترونية,
581,Media,5811.15,Visual Recorded Media Distribution,POST,UAE Media Council,  توزيع الوسائط البصرية,
581,Media,5811.99,Commercial Publications Editing,N/A,N/A, اعداد وتنفيذ المطبوعات التجارية,
581,Media,5812,Publishing of directories and mailing lists,POST,UAE Media Council,نشر الأدلة وقوائم العناوين البريدية,
581,Media,5812.01,Publishing of mailing lists,POST,UAE Media Council,نشر قوائم عناوين البريد,
581,Media,5812.02,Publishing of telephone books,POST,UAE Media Council,نشر أدلة الهواتف,
581,Media,5812.03,"Publishing of other directories and compilations, such as case law, pharmaceutical compendia etc.",POST,UAE Media Council,نشر الأدلة والتجميعات الأخرى، مثل تجميعات القوانين، و تجميعات المواد الصيدلانية، إلخ,
581,Media,5813,"Publishing of newspapers, journals and periodicals",POST,UAE Media Council,نشر الصُحف والمجلات والدوريات,
581,Media,5813.01,"Publishing of newspapers, including advertising newspapers",POST,UAE Media Council,نشر الصحف بما فيها الصحف الإعلانية,
581,Media,5813.02,"Publishing of periodicals and other journals, including publishing of radio and television schedules publishing can be done in print or electronic form, including on the internet.",POST,UAE Media Council,نشر الدوريات وغيرها من المجلات، بما في ذلك نشر برامج الإذاعة والتليفزيون,
581,Media,5813.04,"Digital Newspaper Publishing, News Agency, Specialty Communication and PR",POST,UAE Media Council, نشر الصحف الرقمية، وكالة الأنباء، الاتصالات المتخصصة والعلاقات العامة,
581,Media,5813.05,News services through websites,POST,UAE Media Council, الخدمات الاخبارية عبر المواقع الالكترونية,
581,Media,5815,Audio Recordings Publication,N/A,N/A,نشر التسجيلات الصوتية,
581,Media,5819,Other publishing activities,POST,UAE Media Council,أنشطة النشر الأخرى,
581,Media,5819.01,"Publishing (including on-line) of:<br> \u2022 Catalogs<br> \u2022 Photos, engravings and postcards<br> \u2022 Greeting cards<br> \u2022 Forms<br> \u2022 Posters, reproduction of works of art<br> \u2022 Advertising material<br> \u2022 Other printed matter",POST,UAE Media Council,"النشر (بما في ذلك على الشبكة) لما يلي: 
\u2022 الكتالوجات
\u2022 الصور والأشكال المحفورة وبطاقات البريد
\u2022 بطاقات التهنئة
\u2022 النماذج والاستمارات
\u2022 الملصقات ونُسخ الأعمال الفنية
\u2022 المواد الإعلانية
\u2022 المواد المطبوعة الأخرى",
581,Media,5819.02,On-line publishing of statistics or other information,N/A,N/A,النشر على الشبكة للإحصاءات وغيرها من المعلومات,
581,Media,5819.04,Publications and media Materials E-Trading,POST,UAE Media Council, المتاجرة الإلكترونية للمطبوعات والمواد الاعلامية,
581,Media,5819.05,Gaming Publisher,POST,UAE Media Council, نشر الألعاب,
581,Media,5819.07,Electronic publishing and software implementation &amp; Training,POST,UAE Media Council, النشر الإلكتروني وتنفيذ البرامج والتدريب,
581,Media,5819.08,Training &amp; Consultancy,POST,UAE Media Council, التدريب والاستشارات,
581,Media,5819.1,"Publishing, Consultancy, Event Organizing",N/A,N/A, النشر والاستشارات وتنظيم الفعاليات,
581,Media,5819.11,"Publishing, Consultancy and Authoring Services",N/A,N/A, خدمات النشر والاستشارات والتأليف,
581,Media,5819.12,"Publishing, Event Organizing and Translating Services",N/A,N/A, خدمات النشر وتنظيم الأحداث والترجمة,
581,Media,5819.13,"Publishing, Advertising and Training",N/A,N/A,  النشر والإعلان والتدريب,
581,Media,5819.14,Publishing and Advertising,N/A,N/A, النشر والإعلان,
581,Media,5819.16,Journalism/Content Writing,N/A,N/A, الصحافة / كتابة المحتوى,
582,Media,5820,Software publishing,POST,UAE Media Council,نشر البرمجيات,
582,Media,5820.01,Publishing of ready-made (non-customized) software:<br> \u2022 Operating systems<br> \u2022 Business and other applications<br> \u2022 Computer games for all platforms,POST,UAE Media Council,"نشر البرمجيات الجاهزة (غير المعدة حسب الطلب): 
\u2022 نُظم التشغيل
\u2022 تطبيقات الأعمال وغيرها من التطبيقات
\u2022 ألعاب الحاسوب التي تعمل على مختلف الأجهزة",
591,Media,5911,"Motion picture, video and television programme production activities",PRE,UAE Media Council,أنشطة إنتاج الأفلام والفيديو والبرامج التليفزيونية,
591,Media,5911.01,"Production of motion pictures, videos, television programmes or television commercials",POST,UAE Media Council,إنتاج الأفلام والفيديو وبرامج التليفزيون والإعلانات التجارية التليفزيونية,
591,Media,5911.02,Theatrical Production,POST,UAE Media Council, انتاج مسرحي,
591,Media,5911.03,Documentary Filming,POST,UAE Media Council, انتاج الافلام الوثائقية,
591,Media,5911.04,Cartoons Production,POST,UAE Media Council, انتاج الرسوم الكرتونية,
591,Media,5911.08,"T.V Programs, Commercials &amp; Visual Materials Production",POST,UAE Media Council, انتاج وتصوير المسلسلات والاعلانات التلفزيونية والمواد المرئية,
591,Media,5911.09,Special Effects Production,POST,UAE Media Council, انتاج المؤثرات الفنية الخاصة,
591,Media,5911.1,Motion Picture Studio,N/A,N/A, استوديو سينمائي,
591,Media,5911.11,Media support services,POST,UAE Media Council,خدمات الدعم الإعلامي,
591,Media,5911.12,Radio &amp; tv broadcast consultancy,POST,UAE Media Council,استشارات الإذاعة و البث التلفزيوني,
591,Media,5911.13,Media content production,POST,UAE Media Council,إنتاج المحتوى الإعلامي,
591,Media,5911.14,Multimedia development,POST,UAE Media Council,تطوير الإعلام متعدد الوسائط,
591,Media,5911.15,Artistic Production Contracting Services,POST,UAE Media Council, تعهدات خدمات الانتاج الفني,
591,Media,5912,"Motion picture, video and television programme post-production activities",POST,UAE Media Council,أنشطة ما بعد الإنتاج لأفلام السينما وأفلام الفيديو والبرامج التليفزيونية,
591,Media,5912.01,"Post-production activities such as:<br> \u2022 Editing, titling, subtitling, credits<br> \u2022 Closed captioning<br> \u2022 Computer-produced graphics, animation and special effects<br> \u2022 Film/tape transfers",POST,UAE Media Council,"أنشطة ما بعد الإنتاج مثل: 
\u2022 التحرير ووضع العناوين والترجمة وقوائم الشرف على الأفلام
\u2022 إضافة الكتابة على الأفلام الناطقة
\u2022 وضع الأشكال والرسوم المتحركة والتأثيرات الخاصة على الأفلام بواسطة الحاسوب
\u2022 نقل الأفلام والشرائط",
591,Media,5912.02,Activities of motion picture film laboratories and activities of special laboratories for<br> animated films:<br> \u2022 Developing and processing motion picture film<br> \u2022 Reproduction of motion picture film for theatrical distribution,POST,UAE Media Council,"أنشطة مختبرات الأفلام السينمائية وأنشطة المختبرات الخاصة لأفلام الرسوم المتحركة: 
\u2022 طبع و تجهيز أفلام السينما
\u2022 إنتاج نسخ من الأفلام للتوزيع على دور السينما",
591,Media,5912.03,Activities of stock footage film libraries etc.,POST,UAE Media Council,أنشطة مكتبات الأفلام، إلخ,
591,Media,5913,"Motion picture, video and television programme distribution activities",POST,UAE Media Council,أنشطة توزيع الأفلام السينمائية والفيديو والبرامج التليفزيونية,
591,Media,5913.01,"Distributing film, video tapes, DVDs and similar productions to motion picture theatres, television networks and stations and exhibitors",POST,UAE Media Council,توزيع الأفلام السينمائية وأفلام الفيديو وأقراص الفيديو الرقمية وما شابهها من تسجيلات على دور العرض وشبكات التليفزيون و محطات التليفزيون والعارضين,
591,Media,5913.02,"Acquiring film, video tape and DVD distribution rights",POST,UAE Media Council,الحصول على حقوق توزيع الأفلام السينمائية وشرائط الفيديو وأقراص الفيديو الرقمية,
591,Media,5913.11,Media archiving,POST,UAE Media Council,أرشفة الإعلام,
591,Media,5914,Motion picture projection activities,POST,UAE Media Council,أنشطة عرض الأفلام السينمائية,
591,Media,5914.01,"Motion picture or videotape projection in cinemas, in the open air or in other projection facilities",POST,UAE Media Council,عرض الأفلام السينمائية وأفلام الفيديو في دور السينما أو الهواء الطلق أو مرافق العرض الأخرى,
591,Media,5914.02,Activities of cine-clubs,POST,UAE Media Council,أنشطة نوادي السينما,
591,Media,5915,Special effects and trick photography,N/A,N/A,التأثيرات الخاصة وخدع التصوير الفوتوغرافي,
591,Media,5916,Films Production,N/A,N/A,إنتاج الأفلام,
591,Media,5917,Films Production Supportive Services,N/A,N/A,خدمات دعم إنتاج الأفلام,
591,Media,5918,Production of cartoons,N/A,N/A,إنتاج الرسوم المتحركة,
591,Media,5919,Television Sketches and Effects Photography,N/A,N/A,الرسوم التخطيطية التلفزيونية و التأثيرات الخاصة,
592,Media,5920,Sound recording and music publishing activities,POST,UAE Media Council,أنشطة نشر التسجيلات الصوتية والموسيقى,
592,Media,5920.01,"Production of original (sound) master recordings, such as tapes, CDs",POST,UAE Media Council,إنتاج التسجيلات الأصلية (الصوتية) مثل الشرائط والأقراص الحاسوبية المدمجة,
592,Media,5920.02,"Sound recording service activities in a studio or elsewhere, including the production of taped (i.e. non-live) radio programming, audio for film, television etc.",POST,UAE Media Council,أنشطة خدمات التسجيل الصوتي الاستوديو أو في غيره، بما في ذلك إنتاج البرامج الإذاعية المسّجلة (غير برامج البّث المباشر) والتسجيلات الصوتية للإذاعة والأفلام والتليفزيون، إلخ,
592,Media,5920.03,"Music publishing, i.e. activities of:<br> \u2022 Acquiring and registering copyrights for musical compositions<br> \u2022 Promoting, authorizing and using these compositions in recordings, radio, television, motion pictures, live performances, print and other media<br> \u2022 Distributing sound recordings to wholesalers, retailers or directly to the public.",POST,UAE Media Council,"نشر الموسيقى، أي أنشطة نشر الموسيقى التالية: 
\u2022 الحصول على حقوق النشر للأعمال الموسيقية وتسجيلها
\u2022 نشر وترخيص واستعمال تلك الأعمال الموسيقية تسجيلات وفي الإذاعة والتليفزيون والأفلام السينمائية والعروض الحيّة والمطبوعات وسائر وسائط الإعلام 
\u2022 توزيع التسجيلات الصوتية إلى بائعي الجملة والتجزئة أو للبيع المباشر للجمهور",
592,Media,5920.04,Publishing of music and sheet books,POST,UAE Media Council,نشر ُكتب النوتة الموسيقية,
592,Media,5920.11,Music production &amp; recordings,POST,UAE Media Council,الإنتاج الموسيقي و التسجيلات,
592,Media,5920.12,Music promotion &amp; management,POST,UAE Media Council,الترويج الموسيقي و الإدارة,
592,Media,5925,Audio Recorded Media Distribution,N/A,N/A,توزيع التسجيلات الصوتية,
592,Media,5926,Radio Programs and Audio Recordings Production,N/A,N/A,إنتاج برامج الإذاعة الصوتية والتسجيلات الصوتية,
593,Media,5930,Cinematic Studios Services,N/A,N/A,خدمات الاستوديوهات السينمائية,
593,Media,5931,Television Studios Services,N/A,N/A,خدمات الاستوديوهات التلفزيونية,
593,Media,5932,Audio Studios Services,N/A,N/A,خدمات الاستوديوهات السمعية,
593,Media,5933,Operating &amp; managing cinemas,N/A,N/A,إدارة وتشغيل دور السينما,
593,Media,5934,Operating TV &amp; Radio Broadcasting Stations except content managment,N/A,N/A,تشغيل محطات بث الإذاعة والتلفزيون فيما عدا إدارة المحتوى,
594,Media,5941,Art Production Services Contracts,N/A,N/A,خدمات التعاقد للإنتاج الفني,
594,Media,5942,"Translation services, movies and television programs",N/A,N/A,خدمات الترجمة للأفلام والبرامج التلفزيونية,
594,Media,5943,"Volume, Noise and Oscillation Control Consultancy",N/A,N/A,استشارات حجم الصوت والضجيج وضبط المذبذبات,
594,Media,5944,"Design, Production and installation of billboards",N/A,N/A,تصميم وإنتاج وتركيب اللوحات الإعلانية,
594,Media,5945,Marketing &amp; Selling events tickets,N/A,N/A,تسويق وبيع تذاكر الفعاليات,
594,Media,5946,Festival Organization and Management,N/A,N/A,تنظيم وإدارة المهرجانات,
594,Media,5947,Social Events Management,N/A,N/A,إدارة المناسبات الإجتماعية,
594,Media,5948,Events Production,N/A,N/A,إنتاج الفعاليات,
594,Media,5949,Media Hardware Equipment and System Integration services,N/A,N/A,خدمات المعدات والأجهزة الإعلامية وتكامل النظام,
601,Media,6010,Radio broadcasting,POST,UAE Media Council,الإذاعة الصوتية,
601,Media,6010.01,"Broadcasting audio signals through radio broadcasting studios and facilities for the transmission of aural programming to the public, to affiliates or to subscribers",POST,UAE Media Council,إذاعة الإشارات الصوتية من استوديوهات الإذاعة ومرافق إرسال البرامج الصوتية إلى الجمهور وإلى الكيانات التابعة وإلى المشتركين,
601,Media,6010.02,"Activities of radio networks, i.e. assembling and transmitting aural programming to the affiliates or subscribers via over-the-air broadcasts, cable or satellite",POST,UAE Media Council,أنشطة شبكات الإذاعة، أي تجميع وإذاعة البرامج الصوتية إلى الكيانات التابعة والمشتركين عن طريق الإذاعة على الهواء والكابل وشبكات السواتل,
601,Media,6010.03,Radio broadcasting activities over the internet (internet radio stations),POST,UAE Media Council,أنشطة الإذاعة الصوتية على الإنترنت (محطات الإذاعة على الإنترنت),
601,Media,6010.04,Data broadcasting integrated with radio broadcasting,POST,UAE Media Council,إذاعة البيانات كجزء متكامل من الإذاعة الصوتية,
602,Media,6020,Television programming and broadcasting activities,POST,UAE Media Council,أنشطة البرمجة والإذاعة والتليفزيون,
602,Media,6020.01,"Creation of a complete television channel programme, from purchased programme components (e.g. movies, documentaries etc.), self produced programme components (e.g. local news, live reports) or a combination thereof",POST,UAE Media Council,إنتاج برنامج كامل للقنوات التليفزيونية من أجزاء برنامجية مشتراة (مثلاً من أفلام سينمائية أو وثائقية وما إليها)، أو مكّونات برنامجية من الإنتاج الذاتي (مثل الأخبار المحلية والتقارير الحيّة) أو مزيج منهما,
602,Media,6020.02,Programming of video-on-demand channels,POST,UAE Media Council,برامج قنوات الفيديو حسب الطلب,
602,Media,6020.03,Data broadcasting integrated with television broadcasting,POST,UAE Media Council,إذاعة البيانات بشكل متكامل مع البث التليفزيوني,
602,Media,6025,Global Television Networks Programs Rebroadcasting Services,N/A,N/A,خدمات إعادة بث برامج الشبكات التلفزيونية العالمية,
611,Media,6110,Wired telecommunications activities,POST,UAE Media Council,أنشطة الاتصالات السلكية,
611,Media,6110.01,"Operating, maintaining or providing access to facilities for the transmission of voice, data, text, sound and video using a wired telecommunications infrastructure, including:<br> \u2022 Operating and maintaining switching and transmission facilities to provide point-top oint communications via landlines, microwave or a combination of landlines and satellite linkups<br> \u2022 Operating of cable distribution systems (e.g. for distribution of data and television signals)<br> \u2022 Furnishing telegraph and other non-vocal communications using own facilities the transmission facilities that carry out these activities, may be based on a single technology or a combination of technologies.",PRE,Telecommunications And Digital Government Regulatory Authority (TDRA),"تشغيل أو صيانة أو تقديم خدمة نقل الصوت والبيانات والنصوص والتسجيلات الصوتية غير الفيديو باستعمال بنية تحتية للاتصالات السلكية، بما في ذلك: 
\u2022 تشغيل وصيانة مرافق التحويل والإرسال لتوصيل الإرسال من نقطة إلى نقطة عن طريق خطوط أرضية أو خطوط ميكرويف أو مزيج من الخطوط الأرضية والروابط الساتلية 
\u2022 تشغيل شبكات توزيع الكابل (أي توزيع البيانات والإشارات التليفزيونية)
\u2022 تقديم خدمات الإتصالات بالتلغراف وغيره من وسائل الإتصالات غير الصوتية باستخدام مرافقها الخاصة",
611,Media,6110.02,Purchasing access and network capacity from owners and operators of networks and providing telecommunications services using this capacity to businesses and households,PRE,Telecommunications And Digital Government Regulatory Authority (TDRA),شراء حق الدخول وقدرة الشبكة من مالكي ومشّغلي الشبكات وتقديم خدمات الإتصالات باستعمال تلك القدرة إلى دوائر الأعمال والمنازل,
611,Media,6110.03,Provision of internet access by the operator of the wired infrastructure,PRE,Telecommunications And Digital Government Regulatory Authority (TDRA),تقديم خدمة النفاذ إلى الإنترنت من قِبَل مشّغل الشبكة السلكي,
612,Media,6120,Wireless telecommunications activities,PRE,Telecommunications And Digital Government Regulatory Authority (TDRA),أنشطة الاتصالات اللاسلكية,
612,Media,6120.01,"Operating, maintaining or providing access to facilities for the transmission of voice, data, text, sound, and video using a wireless telecommunications infrastructure",PRE,Telecommunications And Digital Government Regulatory Authority (TDRA),تشغيل وصيانة وتقديم خدمة الاتصال بمرافق إرسال الصوت والبيانات والنصوص والتسجيلات الصوتية والفيديو باستخدام بيئة اتصالات لاسلكية,
612,Media,6120.02,Maintaining and operating paging as well as cellular and other wireless telecommunications networks.,PRE,Telecommunications And Digital Government Regulatory Authority (TDRA),إقامة وتشغيل شبكات الإستدعاء الهاتفي والخدمة الهاتفية الخلوية وغيرها من الاتصالات اللاسلكية,
612,Media,6120.03,Purchasing access and network capacity from owners and operators of networks and providing wireless telecommunications services (except satellite) using this capacity to businesses and households,PRE,Telecommunications And Digital Government Regulatory Authority (TDRA),شراء حق النفاذ إلى الشبكات وقدرة الشبكات من مالكي ومشّغلي الشبكات وتقديم خدمات اتصالات لاسلكية (باستثناء الساتلية) باستخدام هذه القدرة إ دوائر الأعمال والمنازل,
612,Media,6120.04,Provision of internet access by the operator of the wireless infrastructure,PRE,Telecommunications And Digital Government Regulatory Authority (TDRA),توفير خدمة الوصول إلى الإنترنت من قِبَل مشّغلي الشبكات اللاسلكية,
613,Media,6130,Satellite telecommunications activities,POST,UAE Media Council,أنشطة الاتصالات الساتلية,
613,Media,6130.01,"Operating, maintaining or providing access to facilities for the transmission of voice, data, text, sound and video using a satellite telecommunications infrastructure",PRE,Telecommunications And Digital Government Regulatory Authority (TDRA),تشغيل وصيانة وتقديم خدمة الوصول إلى مرافق البّث الصوتي وبّث البيانات والنصوص والتسجيلات الصوتية والفيديو باستعمال مرافق الاتصالات الساتلية,
613,Media,6130.02,"Delivery of visual, aural or textual programming received from cable networks, local television stations or radio networks to consumers via direct-to-home satellite systems (the units classified here do not generally originate programming material.)",PRE,Telecommunications And Digital Government Regulatory Authority (TDRA),توصيل البرامج المرئية والصوتية والنّصية المتلقات من شبكات الكابل أو من شبكات الإذاعة أو التليفزيون المحلية إلى المستهلكين عن طريق شبكات ساتلية مباشرة إلى المنزل (والوحدات المصنّفة هنا لا تقوم عادة بإنتاج مواد البرامج),
613,Media,6130.03,Provision of internet access by the operator of the satellite infrastructure,PRE,Telecommunications And Digital Government Regulatory Authority (TDRA),تقديم خدمة النفاذ إلى الإنترنت من قِبل مشّغلي الشبكات الساتلية,
619,Media,6190,Other telecommunications activities,POST,UAE Media Council,أنشطة الاتصالات الأخرى,
619,Media,6190.01,"Rovision of specialized telecommunications applications, such as satellite tracking, communications telemetry, and radar station operations",PRE,Telecommunications And Digital Government Regulatory Authority (TDRA),تقديم تطبيقات اتصالات متخصصة، مثل التتبع الساتلي، وقياس الاتصالات عن بُعد، وعمليات محطات الرادار,
619,Media,6190.02,Operation of satellite terminal stations and associated facilities operationally connected with one or more terrestrial communications systems and capable of transmitting telecommunications to or receiving telecommunications from satellite systems,N/A,N/A,تشغيل محطات الاستقبال الساتلي والمرافق ذات الصلة، المتصلة تشغيليا بشبكة اتصالات أرضية أو أكثر قادرة على إرسال الاتصالات أو استقبالها من الشبكات الساتلية,
619,Media,6190.03,Operation of satellite terminal stations and associated facilities operationally connected with one or more terrestrial communications systems and capable of transmitting telecommunications to or receiving telecommunications from satellite systems,PRE,Telecommunications And Digital Government Regulatory Authority (TDRA),تقديم خدمة النفاذ إلى الإنترنت على شبكات بين المستهلك وشركات تقديم خدمة الإنترنت، وهذه الشبكات غير مملوكة لشركات تقديم خدمة الإنترنت أو مدارة من قِبَلها، مثل الدخول على الإنترنت عن طريق خطوط الهاتف، إلخ.,
619,Media,6190.04,Provision of telephone and internet access in facilities open to the public,POST,Telecommunications And Digital Government Regulatory Authority (TDRA),تقديم خدمة الهاتف والإنترنت في مرافق مفتوحة للجمهور,
619,Media,6190.05,Provision of telecommunications services over existing telecom connections:<br> \u2022 Voip (voice over internet protocol) provision,PRE,Telecommunications And Digital Government Regulatory Authority (TDRA),"تقديم خدمات الاتصالات على توصيلات الاتصالات القائمة بالفعل: 
\u2022 تقديم خدمة الصوت باستعمال بروتوكول الإنترنت",
619,Media,6190.06,Telecommunications resellers (i.e. purchasing and reselling network capacity without providing additional services),PRE,Telecommunications And Digital Government Regulatory Authority (TDRA),إعادة بيع الاتصالات (أي شراء وإعادة بيع قدرات الشبكات دون تقديم خدمات إضافية),
619,Media,6190.11,Interactive services,N/A,N/A,الخدمات التفاعلية,
619,Media,6190.12,Online Gaming Services,N/A,N/A, خدمات الألعاب على الانترنت,
619,Media,6190.13,Metaverse Services Provider,N/A,N/A, تزويد خدمات الميتافيرس,
619,Media,6190.14,Gaming Streaming Social Media Platform,N/A,N/A, تشغيل منصات تدفق الألعاب عبر وسائل التواصل الاجتماعي,
619,Media,6195,Telecommunications services ,N/A,N/A,خدمات الإتصالات,
620,Media,6200,"Computer programming, consultancy and related activities",N/A,N/A, أنشطة البرمجة الحاسوبية والخبرة الاستشارية وما يتصل بها من أنشطة,
620,Media,6201,Computer programming activities,N/A,N/A,أنشطة البرمجة الحاسوبية,
620,Media,6201.01,"Designing the structure and content of, and/or writing the computer code necessary to create and implement:<br> \u2022 Systems software (including updates and patches)<br> \u2022 Software applications (including updates and patches)<br> \u2022 Databases<br> \u2022 Web pages",N/A,N/A,"تصميم هيكل ومحتوى ما يلي، و/أو كتابة الرمز الحاسوبي اللازم لإنشاء وتنفيذ ما يلي: 
\u2022 برمجيات النُظم (بما في ذلك التحديثات والترميمات)
\u2022 التطبيقات البرمجية (بما في ذلك التحديثات والترميمات)
\u2022 قواعد البيانات
\u2022 مواقع الشبكة",
620,Media,6201.02,"Customizing of software, i.e. modifying and configuring an existing application so that it is functional within the clients\u2019 information system environment",N/A,N/A,إعداد البرمجيات حسب الطلب، أي تعديل وتشكيل التطبيق الموجود لكي يعمل في بيئة نظام المعلومات الخاصة بالعميل,
620,Media,6201.03,Design and production of social networking programs,N/A,N/A, تصميم وإنتاج برامج التواصل الإجتماعي,
620,Media,6201.04,Designing the databases,N/A,N/A, تصميم نظم قواعد البيانات,
620,Media,6201.05,Cyber Security Architecture,N/A,N/A, تصميم هيكلية الأمن الألكتروني,
620,Media,6201.06,Network Websites Designing,N/A,N/A, تصميم مواقع الشبكة المعلوماتية,
620,Media,6201.07,Computer Systems and Software Designing,N/A,N/A, تصميم نظم وبرامج الحاسب الألي,
620,Media,6201.08,Electronic Chips Designing and Programing,N/A,N/A, تصميم وبرمجة الرقائق الالكترونية,
620,Media,6201.09,Electronic Equipment and Devices Systems and Software Designing,N/A,N/A, تصميم نظم وبرامج المعدات والاجهزة الالكترونية,
620,Media,6201.1,Social Media Applications Development &amp; Management,N/A,N/A, خدمات تطوير وادارة مواقع التواصل الاجتماعي,
620,Media,6202,Computer consultancy and computer facilities management activities,N/A,N/A,أنشطة الخبرة الاستشارية الحاسوبية وإدارة المرافق الحاسوبية,
620,Media,6202.01,"Planning and designing of computer systems that integrate computer hardware, software and communication technologies.",POST,Telecommunications And Digital Government Regulatory Authority (TDRA),تخطيط وتصميم نظم الحاسوب التي تُستخَدم في تكامل تكنولوجيات المعدات الحاسوبية والبرمجيات والاتصالات,
620,Media,6202.02,"Provision of on-site management and operation of clients\u2019 computer systems and/or data processing facilities, as well as related support services",POST,Telecommunications And Digital Government Regulatory Authority (TDRA),تقديم خدمة إدارة وتشغيل شبكة الحاسوب و/أو مرافق تجهيز البيانات لدى العميل في الموقع، وكذلك تقديم خدمات الدعم,
620,Media,6202.11,Digital content services,N/A,N/A,خدمات المحتوى الرقمي,
620,Media,6202.12,Concept &amp; design consultancy,N/A,N/A,إستشارات الرؤية و التصميم,
620,Media,6202.99,Marketing Services Via Social Media,N/A,N/A, خدمات التسويق عبر مواقع التواصل الاجتماعي,
620,Media,6209,Other information technology and computer service activities,N/A,N/A,أنشطة خدمات تكنولوجيا المعلومات والحاسوب الأخرى,
620,Media,6209.01,Computer disaster recovery,N/A,N/A,حّل المشكلات الكبيرة التي تتعرض لها الحواسيب,
620,Media,6209.02,Installation (setting-up) of personal computers,N/A,N/A,تركيب الحواسيب,
620,Media,6209.03,Software installation,N/A,N/A,تركيب البرمجيات,
620,Media,6209.11,IT security management,N/A,N/A,إدارة أمن تقنية المعلومات,
620,Media,6209.12,Cyber security consultancy,N/A,N/A,إستشارات الأمن السايبراني,
620,Media,6209.13,Security systems consultancy,N/A,N/A,إستشارات أنظمة الحماية,
620,Media,6209.14,Cyber risk management services,N/A,N/A,خدمات إدارة المخاطر السايبرانية,
620,Media,6209.15,Innovation and artificial intelligence research and consultancies,N/A,N/A,استشارات وأبحاث الذكاء الصناعي و الإبتكار,
620,Media,6209.16,Technological Projects Management,N/A,N/A, ادارة المشاريع التكنولوجية,
620,Media,6209.17,Information Technology Consultants,N/A,N/A, استشارات تقنية المعلومات,
631,Media,6311,"Data processing, hosting and related activities",N/A,N/A,تجهيز البيانات واستضافة المواقع على الشبكة وما يتصل بذلك من أنشطة,
631,Media,6311.01,"Provision of infrastructure for hosting, data processing services and related activities",N/A,N/A,إقامة البنية الأساسية لاستضافة المواقع على الشبكة وخدمات تجهيز البيانات والأنشطة المتصلة بذلك,
631,Media,6311.02,Specialized hosting activities such as:<br> \u2022 Web hosting<br> \u2022 Streaming services<br> \u2022 Application hosting,N/A,N/A,"الأنشطة المتخصصة المتعلقة بإنشاء المواقع على الشبكة مثل: 
\u2022 استضافة المواقع
\u2022 خدمات التحميل مع العرض
\u2022 إنشاء مواقع التطبيقات",
631,Media,6311.03,Application service provisioning,N/A,N/A,تقديم خدمات التطبيقات,
631,Media,6311.04,General time-share provision of mainframe facilities to clients,N/A,N/A,تنظيم تقاسم الوقت في استعمال الحاسوب الرئيسي بين العملاء بشكل عام,
631,Media,6311.05,Data processing activities:<br> \u2022 Complete processing of data supplied by clients<br> \u2022 Generation of specialized reports from data supplied by clients,N/A,N/A,"أنشطة تجهيز البيانات: 
\u2022 التجهيز الكامل للبيانات المقّدمة من العملاء. 
\u2022 إنتاج تقارير متخصصة من البيانات المقّدمة من العملاء ",
631,Media,6311.06,Provision of data entry services,N/A,N/A,تقديم خدمات إدخال البيانات,
631,Media,6311.08,Data Classification &amp; Analysis Services,N/A,N/A, خدمات تصنيف وتحليل البيانات,
631,Media,6311.09,Web hosting,N/A,N/A, استضافة مواقع الانترنت (الويب),
